MB,# MemBench: tv=PAL mem=8 MiB ticks/s=46875000 buf=256 KiB runs=5 arena=00100000 cpu_buf=00200000 rdp_target=00300000 sp_region=00400000
MB,# fill pass: 8 units 5703.5 us -> 112 units (712.93 us per unit, 215 MB/s)
MB,# load pass: 256 units 7860.9 us -> 2605 units (30.71 us per unit, 133 MB/s)
MB,# rectz pass: 8 units 36382.6 us -> 17 units (4547.83 us per unit, 106 MB/s)
MB,# loadblk pass: 256 units 7242.2 us -> 2827 units (28.29 us per unit, 145 MB/s)
MB,# load32 pass: 256 units 7859.1 us -> 2605 units (30.70 us per unit, 133 MB/s)
MB,# loadi8 pass: 256 units 8823.0 us -> 2321 units (34.47 us per unit, 119 MB/s)
MB,# loadnarrow pass: 256 units 14982.6 us -> 1366 units (58.53 us per unit, 70 MB/s)
MB,# loadwide pass: 256 units 7378.2 us -> 2775 units (28.82 us per unit, 142 MB/s)
MB,# rectz check: pixel (100,100) reads 1235, texel 1234 -> written
MB,pattern,load,accesses,bytes_per,ticks_min,ticks_mean,ns_min,ns_mean,MBps_min,rdp_alone_us,rdp_us,rdp_started,rdp_busy_after
MB,u32r,vioff,65536,4,1119256,1119307,364.3,364.4,11.0,0.0,0.0,0,0
MB,u64r,vioff,32768,8,590957,591003,384.7,384.8,20.8,0.0,0.0,0,0
MB,u32w,vioff,65536,4,548405,548488,178.5,178.5,22.4,0.0,0.0,0,0
MB,u64w,vioff,32768,8,299355,299384,194.9,194.9,41.0,0.0,0.0,0,0
MB,u32r_s64,vioff,65536,4,1200862,1200906,390.9,390.9,10.2,0.0,0.0,0,0
MB,u32r_s4k,vioff,65536,4,1445646,1445685,470.6,470.6,8.5,0.0,0.0,0,0
MB,cr16,vioff,16384,16,311248,311566,405.3,405.7,39.5,0.0,0.0,0,0
MB,cw16,vioff,16384,32,646737,646927,842.1,842.4,38.0,0.0,0.0,0,0
MB,# fill pass alone (112 layers): VI off 79454.6 us, VI on 84776.1 us
MB,u32r,idle,65536,4,1177198,1178726,383.2,383.7,10.4,0.0,0.0,0,0
MB,u64r,idle,32768,8,616635,617445,401.5,402.0,19.9,0.0,0.0,0,0
MB,u32w,idle,65536,4,586661,589377,191.0,191.9,20.9,0.0,0.0,0,0
MB,u64w,idle,32768,8,316491,319851,206.0,208.2,38.8,0.0,0.0,0,0
MB,u32r_s64,idle,65536,4,1249138,1252054,406.6,407.6,9.8,0.0,0.0,0,0
MB,u32r_s4k,idle,65536,4,1510406,1512201,491.7,492.3,8.1,0.0,0.0,0,0
MB,cr16,idle,16384,16,324082,328143,422.0,427.3,37.9,0.0,0.0,0,0
MB,cw16,idle,16384,32,670867,671559,873.5,874.4,36.6,0.0,0.0,0,0
MB,u32r,rdpfill,65536,4,1265551,1268423,412.0,412.9,9.7,84776.1,92058.9,5,5
MB,u64r,rdpfill,32768,8,637816,639823,415.2,416.6,19.3,84776.1,88499.8,5,5
MB,u32w,rdpfill,65536,4,1011463,1011646,329.3,329.3,12.1,84776.1,86432.9,5,5
MB,u64w,rdpfill,32768,8,503249,506260,327.6,329.6,24.4,84776.1,85612.3,5,5
MB,u32r_s64,rdpfill,65536,4,1270033,1272410,413.4,414.2,9.7,84776.1,92087.5,5,5
MB,u32r_s4k,rdpfill,65536,4,1531025,1533258,498.4,499.1,8.0,84776.1,97691.5,5,5
MB,cr16,rdpfill,16384,16,329432,333191,428.9,433.8,37.3,84776.1,86893.8,5,5
MB,cw16,rdpfill,16384,32,791286,792573,1030.3,1032.0,31.1,84776.1,90536.7,5,5
MB,# done
M2,cell,cpu,rdp,sp,pi,runs,win_us,cpu_n,cpu_ticks_min,cpu_ns_min,cpu_ns_mean,sp_dmas,sp_MBps,rdp_alone_us,rdp_us_min,rdp_us_mean,rdp_started,rdp_busy_after,rdp_timeout,pi_us_mean,pi_MBps,pi_busy_after
M2,sp_rd64,-,0,rd64,0,5,25000.2,0,1171879,0.0,0.0,56013,143.39,0.0,0.0,0.0,0,0,0,0.0,0.00,0
M2,sp_rd512,-,0,rd512,0,5,25000.3,0,1171881,0.0,0.0,18599,380.92,0.0,0.0,0.0,0,0,0,0.0,0.00,0
M2,sp_rd2k,-,0,rd2048,0,5,25000.3,0,1171879,0.0,0.0,4649,380.84,0.0,0.0,0.0,0,0,0,0.0,0.00,0
M2,sp_wr64,-,0,wr64,0,5,25000.2,0,1171880,0.0,0.0,57038,146.02,0.0,0.0,0.0,0,0,0,0.0,0.00,0
M2,sp_wr512,-,0,wr512,0,5,25000.3,0,1171879,0.0,0.0,19368,396.66,0.0,0.0,0.0,0,0,0,0.0,0.00,0
M2,sp_wr2k,-,0,wr2048,0,5,25000.2,0,1171879,0.0,0.0,4846,397.00,0.0,0.0,0.0,0,0,0,0.0,0.00,0
M2,sp_rd2k+cpu,u64r,0,rd2048,0,5,18466.3,32768,864743,563.0,563.5,2169,240.60,0.0,0.0,0.0,0,0,0,0.0,0.00,0
M2,sp_wr2k+cpu,u64r,0,wr2048,0,5,19827.2,32768,928280,604.3,605.1,2147,221.81,0.0,0.0,0.0,0,0,0,0.0,0.00,0
M2,sp_rd64+cpu,u64r,0,rd64,0,5,14866.8,32768,696459,453.4,453.7,33564,144.49,0.0,0.0,0.0,0,0,0,0.0,0.00,0
M2,sp_rd2k+cr16,cr16,0,rd2048,0,5,13832.5,16384,645212,840.1,844.3,1932,286.05,0.0,0.0,0.0,0,0,0,0.0,0.00,0
M2,sp_rd2k+rdp,-,1,rd2048,0,5,25000.3,0,1171879,0.0,0.0,4651,381.02,84776.1,109874.4,111047.5,5,5,0,0.0,0.00,0
M2,sp_wr2k+rdp,-,1,wr2048,0,5,25000.3,0,1171880,0.0,0.0,4842,396.70,84776.1,111272.1,111317.8,5,5,0,0.0,0.00,0
M2,sp_rd64+rdp,-,1,rd64,0,5,25000.2,0,1171880,0.0,0.0,57219,146.48,84776.1,95452.9,95515.0,5,5,0,0.0,0.00,0
M2,sp_rd2k+cpu+rdp,u64r,1,rd2048,0,5,18465.0,32768,864477,562.8,563.5,2165,240.19,84776.1,103372.7,104523.6,5,5,0,0.0,0.00,0
M2,sp_wr2k+cpu+rdp,u64r,1,wr2048,0,5,19824.0,32768,928454,604.5,605.0,2147,221.85,84776.1,106062.7,106159.7,5,5,0,0.0,0.00,0
M2,pi,-,0,-,1,5,25000.2,0,1171880,0.0,0.0,0,0.00,0.0,0.0,0.0,0,0,0,202059.6,5.19,5
M2,pi+cpu,u64r,0,-,1,5,13313.4,32768,621610,404.7,406.3,0,0.00,0.0,0.0,0.0,0,0,0,199950.9,5.24,5
M2,pi+rdp,-,1,-,1,5,25000.3,0,1171879,0.0,0.0,0,0.00,84776.1,85132.0,85137.8,5,5,0,202263.9,5.18,5
M2,pi+sp_rd2k,-,0,rd2048,1,5,25000.3,0,1171879,0.0,0.0,4552,372.96,0.0,0.0,0.0,0,0,0,204575.3,5.13,5
M2,pi+sp_wr2k,-,0,wr2048,1,5,25000.3,0,1171879,0.0,0.0,4741,388.38,0.0,0.0,0.0,0,0,0,205006.7,5.11,5
M2,cpu,u64r,0,-,0,5,13188.9,32768,616483,401.4,402.5,0,0.00,0.0,0.0,0.0,0,0,0,0.0,0.00,0
M2,cpu+rdp,u64r,1,-,0,5,13647.5,32768,637960,415.3,416.5,0,0.00,84776.1,88478.7,88545.0,5,5,0,0.0,0.00,0
M2,rdp,-,1,-,0,5,25000.2,0,1171879,0.0,0.0,0,0.00,84776.1,84682.9,84746.7,5,5,0,0.0,0.00,0
M2,# done
M3,off_kb,phys,client,win_us,cpu_ns_min,cpu_ns_mean,rdp_alone_us,rdp_us_mean,rdp_started,rdp_busy_after,sp_dmas,sp_MBps
M3,0,00100000,rdp,27068.8,412.2,413.0,84744.1,92106.8,5,5,0,0
M3,0,00100000,sp_rd2k,36909.7,562.9,563.2,0,0,0,0,4336,240.59
M3,256,00140000,rdp,27068.6,412.2,413.0,84750.2,92108.8,5,5,0,0
M3,256,00140000,sp_rd2k,36914.3,563.0,563.3,0,0,0,0,4336,240.60
M3,512,00180000,rdp,27071.9,412.1,413.1,84752.7,92107.1,5,5,0,0
M3,512,00180000,sp_rd2k,36915.5,562.8,563.3,0,0,0,0,4337,240.61
M3,768,001c0000,rdp,27071.4,412.1,413.1,84751.6,92095.9,5,5,0,0
M3,768,001c0000,sp_rd2k,36918.5,563.0,563.3,0,0,0,0,4337,240.62
M3,1280,00240000,rdp,37986.6,579.4,579.6,84743.0,103595.2,5,5,0,0
M3,1280,00240000,sp_rd2k,43934.7,670.2,670.4,0,0,0,0,3766,175.58
M3,1536,00280000,rdp,37982.2,579.4,579.6,84752.2,103591.9,5,5,0,0
M3,1536,00280000,sp_rd2k,43945.5,670.4,670.6,0,0,0,0,3765,175.50
M3,1792,002c0000,rdp,37987.6,579.5,579.6,84736.0,103605.9,5,5,0,0
M3,1792,002c0000,sp_rd2k,43937.4,670.1,670.4,0,0,0,0,3768,175.63
M3,2048,00300000,rdp,27063.5,412.1,413.0,84746.6,92103.7,5,5,0,0
M3,2048,00300000,sp_rd2k,36904.4,562.9,563.1,0,0,0,0,4335,240.58
M3,2560,00380000,rdp,27060.3,412.1,412.9,84749.0,92105.3,5,5,0,0
M3,2560,00380000,sp_rd2k,36904.6,562.7,563.1,0,0,0,0,4335,240.57
M3,3072,00400000,rdp,27059.3,412.2,412.9,84749.7,92110.9,5,5,0,0
M3,3072,00400000,sp_rd2k,36911.6,562.9,563.2,0,0,0,0,4336,240.60
M3,3584,00480000,rdp,27061.9,412.0,412.9,84750.3,92105.3,5,5,0,0
M3,3584,00480000,sp_rd2k,36923.4,563.2,563.4,0,0,0,0,4338,240.65
M3,3840,004c0000,rdp,27057.2,412.0,412.9,84750.4,92103.0,5,5,0,0
M3,3840,004c0000,sp_rd2k,36916.4,563.1,563.3,0,0,0,0,4337,240.64
M3,# done
M5,stride_B,accesses,ticks_min,ns_min,ns_mean
M5,4,65536,1303559,424.3,425.2
M5,8,65536,1308119,425.8,425.9
M5,16,65536,1304780,424.7,425.6
M5,32,65536,1306019,425.1,425.8
M5,64,65536,1309325,426.2,427.1
M5,128,65536,1317554,428.9,429.5
M5,256,65536,1329394,432.7,433.5
M5,512,65536,1358241,442.1,442.6
M5,1024,65536,1431441,466.0,466.5
M5,2048,65536,1565067,509.5,509.9
M5,4096,65536,1566931,510.1,510.8
M5,8192,65536,1570927,511.4,511.7
M5,16384,65536,1576906,513.3,513.6
M5,32768,65536,1590246,517.7,518.1
M5,# done
M7,kind,cell,units,bytes_per_pass,win_us,cpu_ns_min,cpu_ns_mean,sp_dmas,sp_MBps,rdp_alone_us,rdp_us_mean,tmem_us_mean,rdp_MBps_alone,rdp_started,rdp_busy_after
M7,fill,alone,112,17203200,25000.1,0.0,0.0,0,0.00,84746.4,84746.4,0.0,203.0,5,5
M7,fill,cpu,112,17203200,27070.4,412.1,413.1,0,0.00,84746.4,92112.8,0.0,203.0,5,5
M7,fill,cr16,112,17203200,7104.3,429.0,433.6,0,0.00,84746.4,86925.2,0.0,203.0,5,5
M7,fill,sp_rd2k,112,17203200,25000.3,0.0,0.0,4650,380.92,84746.4,111339.9,0.0,203.0,5,5
M7,fill,sp_rd64,112,17203200,25000.2,0.0,0.0,57222,146.49,84746.4,95516.1,0.0,203.0,5,5
M7,load,alone,2605,10670080,25000.2,0.0,0.0,0,0.00,82806.7,82806.7,79736.5,128.9,5,5
M7,load,cpu,2605,10670080,31482.3,480.1,480.4,0,0.00,82806.7,84185.0,80974.0,128.9,5,5
M7,load,cr16,2605,10670080,7903.5,480.2,482.4,0,0.00,82806.7,83372.9,80261.0,128.9,5,5
M7,load,sp_rd2k,2605,10670080,25000.3,0.0,0.0,4655,381.33,82806.7,109530.1,79966.6,128.9,5,5
M7,load,sp_rd64,2605,10670080,25000.2,0.0,0.0,56207,143.89,82806.7,85764.6,82590.2,128.9,5,5
M7,rectz,alone,17,7987200,25000.2,0.0,0.0,0,0.00,79656.2,79656.2,30.8,100.3,5,5
M7,rectz,cpu,17,7987200,29037.7,442.4,443.1,0,0.00,79656.2,86724.7,32.1,100.3,5,5
M7,rectz,cr16,17,7987200,7558.4,457.4,461.3,0,0.00,79656.2,81626.9,31.9,100.3,5,5
M7,rectz,sp_rd2k,17,7987200,25000.3,0.0,0.0,4648,380.83,79656.2,106131.6,30.9,100.3,5,5
M7,rectz,sp_rd64,17,7987200,25000.2,0.0,0.0,57482,147.15,79656.2,87434.0,34.2,100.3,5,5
M7,# done
M8,kind,cell,units,win_us,cpu_ns_min,cpu_ns_mean,rdp_alone_us,rdp_us_mean,tmem_us_mean,us_per_4k,MBps_alone,tmem_frac,rdp_started,rdp_busy_after
M8,load,alone,2605,25000.2,0,0,82794.2,82794.2,79748.3,31.78,128.9,0.963,5,5
M8,load,cpu,2605,31485.5,480.0,480.4,82794.2,84195.5,80975.3,31.78,128.9,0.963,5,5
M8,loadblk,alone,2827,25000.2,0,0,82397.0,82397.0,80490.3,29.15,140.5,0.977,5,5
M8,loadblk,cpu,2827,28827.3,439.3,439.9,82397.0,83693.1,81648.4,29.15,140.5,0.977,5,5
M8,load32,alone,2605,25000.2,0,0,82802.4,82802.4,79735.4,31.79,128.9,0.963,5,5
M8,load32,cpu,2605,31485.1,480.1,480.4,82802.4,84185.3,80958.8,31.79,128.9,0.963,5,5
M8,loadi8,alone,2321,25000.3,0,0,81344.8,81344.8,77438.5,35.05,116.9,0.952,5,5
M8,loadi8,cpu,2321,34214.6,521.9,522.1,81344.8,82858.9,78838.8,35.05,116.9,0.952,5,5
M8,loadnarrow,alone,1366,25000.2,0,0,82952.9,82952.9,11190.3,60.73,67.4,0.135,5,5
M8,loadnarrow,cpu,1366,30846.2,470.2,470.7,82952.9,84126.0,11190.3,60.73,67.4,0.135,5,5
M8,loadwide,alone,2775,25000.2,0,0,82606.0,82606.0,80451.9,29.77,137.6,0.974,5,5
M8,loadwide,cpu,2775,29559.3,450.5,451.0,82606.0,83718.7,81394.6,29.77,137.6,0.974,5,5
M8,# done
M6,mode,fb_phys,fb_bytes,client,cpu_ns_min,cpu_ns_mean,rdp_alone_us
M6,320x240x16,000cea40,153600,u32r,383.3,383.6,0
M6,320x240x16,000cea40,153600,u64r,401.5,402.6,0
M6,320x240x16,000cea40,153600,u32w,191.0,191.8,0
M6,320x240x16,000cea40,153600,cr16,422.3,426.3,0
M6,320x240x16,000cea40,153600,rdp_fill,0,0,84741.2
M6,320x240x32,00083940,307200,u32r,405.9,407.9,0
M6,320x240x32,00083940,307200,u64r,425.8,427.1,0
M6,320x240x32,00083940,307200,u32w,206.8,207.7,0
M6,320x240x32,00083940,307200,cr16,439.5,447.8,0
M6,320x240x32,00083940,307200,rdp_fill,0,0,92220.1
M6,640x480x16,00540040,614400,u32r,405.2,407.2,0
M6,640x480x16,00540040,614400,u64r,425.3,426.7,0
M6,640x480x16,00540040,614400,u32w,206.6,207.6,0
M6,640x480x16,00540040,614400,cr16,438.8,447.7,0
M6,640x480x16,00540040,614400,rdp_fill,0,0,92193.6
M6,640x480x32,00540040,1228800,u32r,472.7,478.0,0
M6,640x480x32,00540040,1228800,u64r,497.9,498.6,0
M6,640x480x32,00540040,1228800,u32w,259.8,263.9,0
M6,640x480x32,00540040,1228800,cr16,546.0,575.6,0
M6,640x480x32,00540040,1228800,rdp_fill,0,0,112663.0
M6,# done
M6b,fb_phys,state,client,cpu_ns_min,cpu_ns_mean,rdp_alone_us,vi_origin_after,vi_ctrl_after,vi_hvideo_after
M6b,00100000,shown,u32r,382.5,383.3,0,00100000,00003202,00800300
M6b,00100000,shown,u64r,401.3,402.5,0,00100000,00003202,00800300
M6b,00100000,shown,u32w,191.0,191.4,0,00100000,00003202,00800300
M6b,00100000,shown,cr16,422.4,426.6,0,00100000,00003202,00800300
M6b,00100000,shown,rdp_fill,0,0,84719.8,00100000,00003202,00800300
M6b,00280000,shown,u32r,392.6,394.4,0,00280000,00003202,00800300
M6b,00280000,shown,u64r,411.7,412.7,0,00280000,00003202,00800300
M6b,00280000,shown,u32w,193.9,194.8,0,00280000,00003202,00800300
M6b,00280000,shown,cr16,426.7,431.9,0,00280000,00003202,00800300
M6b,00280000,shown,rdp_fill,0,0,84721.2,00280000,00003202,00800300
M6b,00100000,blank,u32r,373.0,373.5,0,00100000,00003302,00000000
M6b,00100000,blank,u64r,392.4,392.9,0,00100000,00003302,00000000
M6b,00100000,blank,u32w,184.3,184.7,0,00100000,00003302,00000000
M6b,00100000,blank,cr16,412.5,414.4,0,00100000,00003302,00000000
M6b,00100000,blank,rdp_fill,0,0,81916.8,00100000,00003302,00000000
M6b,# done
M4,cell,cpu_ns_min,cpu_ns_mean,rdp_us_min,rdp_started,rdp_busy_after
M4,cpu_rspq_idle,382.4,383.2,0.0,0,0
M4,rspq_fill_alone,0.0,0.0,84768.0,5,5
M4,cpu+rspq_fill,412.3,413.1,92159.9,5,5
M4,# done
