MB,# MemBench sweep 1: tv=PAL mem=8 MiB ticks/s=46875000 buf=256 KiB runs=5
MB,# fill pass: 8 layers 5782.7 us -> 110 layers (722.8 us per 320x240x16 layer, 212 MB/s)
MB,pattern,load,accesses,bytes_per,ticks_min,ticks_mean,ns_min,ns_mean,MBps_min,rdp_alone_us,rdp_us,rdp_started,rdp_busy_after
MB,u32r,vioff,65536,4,1119287,1119323,364.4,364.4,11.0,0.0,0.0,0,0
MB,u64r,vioff,32768,8,590962,591016,384.7,384.8,20.8,0.0,0.0,0,0
MB,u32w,vioff,65536,4,548404,548509,178.5,178.6,22.4,0.0,0.0,0,0
MB,u64w,vioff,32768,8,299358,299381,194.9,194.9,41.0,0.0,0.0,0,0
MB,u32r_s64,vioff,65536,4,1200871,1200909,390.9,390.9,10.2,0.0,0.0,0,0
MB,u32r_s4k,vioff,65536,4,1445650,1445678,470.6,470.6,8.5,0.0,0.0,0,0
MB,cr16,vioff,16384,16,311666,312005,405.8,406.3,39.4,0.0,0.0,0,0
MB,cw16,vioff,16384,32,647089,647252,842.6,842.8,38.0,0.0,0.0,0,0
MB,# fill pass alone (110 layers): VI off 78702.2 us, VI on 84977.0 us
MB,u32r,idle,65536,4,1191456,1197490,387.8,389.8,10.3,0.0,0.0,0,0
MB,u64r,idle,32768,8,626164,632403,407.7,411.7,19.6,0.0,0.0,0,0
MB,u32w,idle,65536,4,590109,594565,192.1,193.5,20.8,0.0,0.0,0,0
MB,u64w,idle,32768,8,318045,325892,207.1,212.2,38.6,0.0,0.0,0,0
MB,u32r_s64,idle,65536,4,1264677,1271832,411.7,414.0,9.7,0.0,0.0,0,0
MB,u32r_s4k,idle,65536,4,1519611,1525896,494.7,496.7,8.1,0.0,0.0,0,0
MB,cr16,idle,16384,16,327457,331083,426.4,431.1,37.5,0.0,0.0,0,0
MB,cw16,idle,16384,32,673028,679048,876.3,884.2,36.5,0.0,0.0,0,0
MB,u32r,rdpfill,65536,4,1790592,1794160,582.9,584.0,6.9,84977.0,103221.4,5,5
MB,u64r,rdpfill,32768,8,896923,901361,583.9,586.8,13.7,84977.0,94554.6,5,5
MB,u32w,rdpfill,65536,4,1569535,1573326,510.9,512.2,7.8,84977.0,97681.4,5,5
MB,u64w,rdpfill,32768,8,784023,784919,510.4,511.0,15.7,84977.0,91746.4,5,5
MB,u32r_s64,rdpfill,65536,4,1792880,1795962,583.6,584.6,6.9,84977.0,103167.6,5,5
MB,u32r_s4k,rdpfill,65536,4,1800235,1804338,586.0,587.3,6.8,84977.0,104126.4,5,5
MB,cr16,rdpfill,16384,16,447076,452236,582.1,588.8,27.5,84977.0,89050.8,5,5
MB,cw16,rdpfill,16384,32,912265,916162,1187.8,1192.9,26.9,84977.0,93181.4,5,5
MB,# done
