MB,# MemBench: tv=PAL mem=8 MiB ticks/s=46875000 buf=256 KiB runs=5 arena=00100000 cpu_buf=00200000 rdp_target=00300000 sp_region=00380000
MB,# fill pass: 8 layers 5706.0 us -> 112 layers (713.3 us per 320x240x16 layer, 215 MB/s)
MB,pattern,load,accesses,bytes_per,ticks_min,ticks_mean,ns_min,ns_mean,MBps_min,rdp_alone_us,rdp_us,rdp_started,rdp_busy_after
MB,u32r,vioff,65536,4,1119254,1119303,364.3,364.4,11.0,0.0,0.0,0,0
MB,u64r,vioff,32768,8,590951,590990,384.7,384.8,20.8,0.0,0.0,0,0
MB,u32w,vioff,65536,4,548461,548530,178.5,178.6,22.4,0.0,0.0,0,0
MB,u64w,vioff,32768,8,299322,299373,194.9,194.9,41.1,0.0,0.0,0,0
MB,u32r_s64,vioff,65536,4,1200864,1200891,390.9,390.9,10.2,0.0,0.0,0,0
MB,u32r_s4k,vioff,65536,4,1445650,1445672,470.6,470.6,8.5,0.0,0.0,0,0
MB,cr16,vioff,16384,16,311167,311458,405.2,405.5,39.5,0.0,0.0,0,0
MB,cw16,vioff,16384,32,646762,646902,842.1,842.3,38.0,0.0,0.0,0,0
MB,# fill pass alone (112 layers): VI off 79445.3 us, VI on 84768.6 us
MB,u32r,idle,65536,4,1177126,1178484,383.2,383.6,10.4,0.0,0.0,0,0
MB,u64r,idle,32768,8,616525,617348,401.4,401.9,19.9,0.0,0.0,0,0
MB,u32w,idle,65536,4,586707,589402,191.0,191.9,20.9,0.0,0.0,0,0
MB,u64w,idle,32768,8,316247,319801,205.9,208.2,38.9,0.0,0.0,0,0
MB,u32r_s64,idle,65536,4,1249236,1252045,406.7,407.6,9.8,0.0,0.0,0,0
MB,u32r_s4k,idle,65536,4,1510011,1511812,491.5,492.1,8.1,0.0,0.0,0,0
MB,cr16,idle,16384,16,324276,327732,422.2,426.7,37.9,0.0,0.0,0,0
MB,cw16,idle,16384,32,670709,671375,873.3,874.2,36.6,0.0,0.0,0,0
MB,u32r,rdpfill,65536,4,1265820,1268491,412.1,412.9,9.7,84768.6,92044.1,5,5
MB,u64r,rdpfill,32768,8,637831,639802,415.3,416.5,19.3,84768.6,88476.3,5,5
MB,u32w,rdpfill,65536,4,1011040,1011288,329.1,329.2,12.2,84768.6,86423.0,5,5
MB,u64w,rdpfill,32768,8,503054,506215,327.5,329.6,24.4,84768.6,85593.7,5,5
MB,u32r_s64,rdpfill,65536,4,1269786,1272322,413.3,414.2,9.7,84768.6,92056.4,5,5
MB,u32r_s4k,rdpfill,65536,4,1530972,1533432,498.4,499.2,8.0,84768.6,97678.5,5,5
MB,cr16,rdpfill,16384,16,329238,332558,428.7,433.0,37.3,84768.6,86838.0,5,5
MB,cw16,rdpfill,16384,32,791106,792462,1030.1,1031.9,31.1,84768.6,90528.8,5,5
MB,# done
M2,cell,cpu,rdp,sp,pi,runs,win_us,cpu_n,cpu_ticks_min,cpu_ns_min,cpu_ns_mean,sp_dmas,sp_MBps,rdp_alone_us,rdp_us_min,rdp_us_mean,rdp_started,rdp_busy_after,rdp_timeout,pi_us_mean,pi_MBps,pi_busy_after
M2,sp_rd64,-,0,rd64,0,5,25000.1,0,1171879,0.0,0.0,56018,143.41,0.0,0.0,0.0,0,0,0,0.0,0.00,0
M2,sp_rd512,-,0,rd512,0,5,25000.1,0,1171879,0.0,0.0,18599,380.92,0.0,0.0,0.0,0,0,0,0.0,0.00,0
M2,sp_rd2k,-,0,rd2048,0,5,25000.1,0,1171880,0.0,0.0,4647,380.73,0.0,0.0,0.0,0,0,0,0.0,0.00,0
M2,sp_wr64,-,0,wr64,0,5,25000.1,0,1171879,0.0,0.0,57035,146.01,0.0,0.0,0.0,0,0,0,0.0,0.00,0
M2,sp_wr512,-,0,wr512,0,5,25000.1,0,1171880,0.0,0.0,19366,396.63,0.0,0.0,0.0,0,0,0,0.0,0.00,0
M2,sp_wr2k,-,0,wr2048,0,5,25000.1,0,1171879,0.0,0.0,4847,397.11,0.0,0.0,0.0,0,0,0,0.0,0.00,0
M2,sp_rd2k+cpu,u64r,0,rd2048,0,5,18453.9,32768,864643,562.9,563.2,2167,240.54,0.0,0.0,0.0,0,0,0,0.0,0.00,0
M2,sp_wr2k+cpu,u64r,0,wr2048,0,5,19820.6,32768,928258,604.3,604.9,2147,221.84,0.0,0.0,0.0,0,0,0,0.0,0.00,0
M2,sp_rd64+cpu,u64r,0,rd64,0,5,14856.7,32768,695860,453.0,453.4,33547,144.52,0.0,0.0,0.0,0,0,0,0.0,0.00,0
M2,sp_rd2k+cr16,cr16,0,rd2048,0,5,13828.1,16384,645805,840.9,844.0,1931,286.11,0.0,0.0,0.0,0,0,0,0.0,0.00,0
M2,sp_rd2k+rdp,-,1,rd2048,0,5,25000.1,0,1171880,0.0,0.0,4650,380.94,84768.6,111259.9,111625.6,5,5,0,0.0,0.00,0
M2,sp_wr2k+rdp,-,1,wr2048,0,5,25000.1,0,1171879,0.0,0.0,4846,396.98,84768.6,111268.9,111329.8,5,5,0,0.0,0.00,0
M2,sp_rd64+rdp,-,1,rd64,0,5,25000.1,0,1171879,0.0,0.0,59548,152.44,84768.6,100844.6,100886.1,5,5,0,0.0,0.00,0
M2,sp_rd2k+cpu+rdp,u64r,1,rd2048,0,5,18446.8,32768,863546,562.2,563.0,2166,240.47,84768.6,104647.8,104774.7,5,5,0,0.0,0.00,0
M2,sp_wr2k+cpu+rdp,u64r,1,wr2048,0,5,19813.5,32768,928548,604.5,604.7,2145,221.80,84768.6,106028.2,106132.1,5,5,0,0.0,0.00,0
M2,pi,-,0,-,1,5,25000.1,0,1171879,0.0,0.0,0,0.00,0.0,0.0,0.0,0,0,0,201951.4,5.19,5
M2,pi+cpu,u64r,0,-,1,5,13270.1,32768,620950,404.3,405.0,0,0.00,0.0,0.0,0.0,0,0,0,201712.3,5.20,5
M2,pi+rdp,-,1,-,1,5,25000.1,0,1171879,0.0,0.0,0,0.00,84768.6,85105.2,85109.8,5,5,0,202182.8,5.19,5
M2,pi+sp_rd2k,-,0,rd2048,1,5,25000.3,0,1171880,0.0,0.0,4576,374.93,0.0,0.0,0.0,0,0,0,203472.6,5.15,5
M2,pi+sp_wr2k,-,0,wr2048,1,5,25000.1,0,1171879,0.0,0.0,4774,391.08,0.0,0.0,0.0,0,0,0,203452.5,5.15,5
M2,cpu,u64r,0,-,0,5,13167.8,32768,616413,401.3,401.8,0,0.00,0.0,0.0,0.0,0,0,0,0.0,0.00,0
M2,cpu+rdp,u64r,1,-,0,5,13646.4,32768,637906,415.3,416.5,0,0.00,84768.6,88482.6,88542.8,5,5,0,0.0,0.00,0
M2,rdp,-,1,-,0,5,25000.3,0,1171879,0.0,0.0,0,0.00,84768.6,84706.6,84753.7,5,5,0,0.0,0.00,0
M2,# done
M3,off_kb,phys,client,win_us,cpu_ns_min,cpu_ns_mean,rdp_alone_us,rdp_us_mean,rdp_started,rdp_busy_after,sp_dmas,sp_MBps
M3,0,00100000,rdp,27065.3,412.1,413.0,84724.2,92106.0,5,5,0,0
M3,0,00100000,sp_rd2k,36975.3,563.7,564.2,0,0,0,0,4327,239.71
M3,256,00140000,rdp,27068.9,412.0,413.0,84747.4,92109.1,5,5,0,0
M3,256,00140000,sp_rd2k,36957.2,562.8,563.9,0,0,0,0,4332,240.08
M3,512,00180000,rdp,27067.4,412.2,413.0,84740.2,92119.5,5,5,0,0
M3,512,00180000,sp_rd2k,36901.9,562.6,563.1,0,0,0,0,4335,240.59
M3,768,001c0000,rdp,27063.2,412.1,413.0,84745.0,92106.8,5,5,0,0
M3,768,001c0000,sp_rd2k,36896.6,562.5,563.0,0,0,0,0,4333,240.55
M3,1280,00240000,rdp,37976.8,579.3,579.5,84749.3,103597.4,5,5,0,0
M3,1280,00240000,sp_rd2k,43934.5,670.0,670.4,0,0,0,0,3767,175.64
M3,1536,00280000,rdp,37983.7,579.3,579.6,84723.6,103611.8,5,5,0,0
M3,1536,00280000,sp_rd2k,43932.4,670.2,670.4,0,0,0,0,3770,175.75
M3,1792,002c0000,rdp,37981.4,579.3,579.6,84753.0,103600.6,5,5,0,0
M3,1792,002c0000,sp_rd2k,43936.0,670.0,670.4,0,0,0,0,3768,175.65
M3,2048,00300000,rdp,27060.8,412.1,412.9,84749.1,92108.5,5,5,0,0
M3,2048,00300000,sp_rd2k,36936.9,563.0,563.6,0,0,0,0,4334,240.31
M3,2560,00380000,rdp,27073.8,412.2,413.1,84746.9,92095.9,5,5,0,0
M3,2560,00380000,sp_rd2k,36963.7,563.3,564.0,0,0,0,0,4333,240.07
M3,3072,00400000,rdp,27067.3,411.9,413.0,84738.6,92118.1,5,5,0,0
M3,3072,00400000,sp_rd2k,36910.2,563.0,563.2,0,0,0,0,4336,240.60
M3,3584,00480000,rdp,27071.7,412.1,413.1,84745.6,92098.3,5,5,0,0
M3,3584,00480000,sp_rd2k,36918.4,563.1,563.3,0,0,0,0,4337,240.63
M3,3840,004c0000,rdp,27067.5,412.2,413.0,84747.2,92106.2,5,5,0,0
M3,3840,004c0000,sp_rd2k,36909.0,563.0,563.2,0,0,0,0,4336,240.60
M3,# done
M5,stride_B,accesses,ticks_min,ns_min,ns_mean
M5,4,65536,1304338,424.6,425.3
M5,8,65536,1303511,424.3,425.1
M5,16,65536,1306087,425.2,425.8
M5,32,65536,1309108,426.1,426.6
M5,64,65536,1311903,427.1,427.4
M5,128,65536,1317674,428.9,429.9
M5,256,65536,1329242,432.7,433.5
M5,512,65536,1358199,442.1,442.6
M5,1024,65536,1429943,465.5,466.5
M5,2048,65536,1564365,509.2,510.0
M5,4096,65536,1566563,509.9,510.8
M5,8192,65536,1570003,511.1,511.7
M5,16384,65536,1577331,513.5,513.9
M5,32768,65536,1590419,517.7,518.1
M5,# done
M4,cell,cpu_ns_min,cpu_ns_mean,rdp_us_min,rdp_started,rdp_busy_after
M4,cpu_rspq_idle,382.8,383.5,0.0,0,0
M4,rspq_fill_alone,0.0,0.0,84779.3,5,5
M4,cpu+rspq_fill,412.1,413.0,92182.9,5,5
M4,# done
